{
  "LogisticRegression": {
    "cv_mean": 0.7817939490870318,
    "test_acc": 0.7077922077922078
  },
  "RandomForest": {
    "cv_mean": 0.7655337864854058,
    "test_acc": 0.7402597402597403
  },
  "SVC": {
    "cv_mean": 0.7687591630014661,
    "test_acc": 0.7402597402597403
  }
}